crisis_True_PREDICTION,crisis_False_PREDICTION,crisis_PREDICTION,THRESHOLD,POSITIVE_CLASS,country,year
0.0066120373,0.9933879627,False,0.5,True,Albania,2020
0.0033663423,0.9966336577,False,0.5,True,Albania,2021
0.0222010054,0.9777989946,False,0.5,True,Albania,2022
0.0170024112,0.9829975888,False,0.5,True,Albania,2023
0.0109959412,0.9890040588,False,0.5,True,Albania,2024
0.0007274006,0.9992725994,False,0.5,True,Algeria,2020
0.0037622133,0.9962377867,False,0.5,True,Algeria,2021
0.0197432004,0.9802567996,False,0.5,True,Algeria,2022
0.0135477278,0.9864522722,False,0.5,True,Algeria,2023
0.0109529011,0.9890470989,False,0.5,True,Algeria,2024
0.7720696926,0.2279303074,True,0.5,True,Argentina,2020
0.0696481615,0.9303518385,False,0.5,True,Argentina,2021
0.0165225137,0.9834774863,False,0.5,True,Argentina,2022
0.0331014022,0.9668985978,False,0.5,True,Argentina,2023
0.1366547793,0.8633452207,False,0.5,True,Argentina,2024
0.0232197549,0.9767802451,False,0.5,True,Armenia,2020
0.0076676011,0.9923323989,False,0.5,True,Armenia,2021
0.0140784513,0.9859215487,False,0.5,True,Armenia,2022
0.0085588694,0.9914411306,False,0.5,True,Armenia,2023
0.0121173896,0.9878826104,False,0.5,True,Armenia,2024
0.075841099,0.924158901,False,0.5,True,Austria,2020
0.0283652954,0.9716347046,False,0.5,True,Austria,2021
0.1002116874,0.8997883126,False,0.5,True,Austria,2022
0.1369246393,0.8630753607,False,0.5,True,Austria,2023
0.2813470066,0.7186529934,False,0.5,True,Austria,2024
0.0033525992,0.9966474008,False,0.5,True,Azerbaijan,2020
0.0051108939,0.9948891061,False,0.5,True,Azerbaijan,2021
0.0167198833,0.9832801167,False,0.5,True,Azerbaijan,2022
0.0047774441,0.9952225559,False,0.5,True,Azerbaijan,2023
0.0037258058,0.9962741942,False,0.5,True,Azerbaijan,2024
0.0195518136,0.9804481864,False,0.5,True,Belarus,2020
0.017483769,0.982516231,False,0.5,True,Belarus,2021
0.0235156436,0.9764843564,False,0.5,True,Belarus,2022
0.0035934625,0.9964065375,False,0.5,True,Belarus,2023
0.0132579906,0.9867420094,False,0.5,True,Belarus,2024
0.0905524045,0.9094475955,False,0.5,True,Belgium,2020
0.0502188206,0.9497811794,False,0.5,True,Belgium,2021
0.3936548233,0.6063451767,False,0.5,True,Belgium,2022
0.122903347,0.877096653,False,0.5,True,Belgium,2023
0.2343732417,0.7656267583,False,0.5,True,Belgium,2024
0.0217493009,0.9782506991,False,0.5,True,Benin,2020
0.0215605013,0.9784394987,False,0.5,True,Benin,2021
0.0151756164,0.9848243836,False,0.5,True,Benin,2022
0.0149621172,0.9850378828,False,0.5,True,Benin,2023
0.0104986131,0.9895013869,False,0.5,True,Benin,2024
0.0115176458,0.9884823542,False,0.5,True,Bolivia,2020
0.0052037048,0.9947962952,False,0.5,True,Bolivia,2021
0.019485116,0.980514884,False,0.5,True,Bolivia,2022
0.0152216731,0.9847783269,False,0.5,True,Bolivia,2023
0.0156378932,0.9843621068,False,0.5,True,Bolivia,2024
0.0261415709,0.9738584291,False,0.5,True,Bosnia and Herzegovina,2020
0.0058815004,0.9941184996,False,0.5,True,Bosnia and Herzegovina,2021
0.01483698,0.98516302,False,0.5,True,Bosnia and Herzegovina,2022
0.0230505858,0.9769494142,False,0.5,True,Bosnia and Herzegovina,2023
0.0277290698,0.9722709302,False,0.5,True,Bosnia and Herzegovina,2024
0.0167848133,0.9832151867,False,0.5,True,Brazil,2020
0.0053684213,0.9946315787,False,0.5,True,Brazil,2021
0.0128450701,0.9871549299,False,0.5,True,Brazil,2022
0.012051845,0.987948155,False,0.5,True,Brazil,2023
0.0089189429,0.9910810571,False,0.5,True,Brazil,2024
0.0093721775,0.9906278225,False,0.5,True,Bulgaria,2020
0.0061092423,0.9938907577,False,0.5,True,Bulgaria,2021
0.0212764125,0.9787235875,False,0.5,True,Bulgaria,2022
0.0072230706,0.9927769294,False,0.5,True,Bulgaria,2023
0.0082648294,0.9917351706,False,0.5,True,Bulgaria,2024
0.0100196702,0.9899803298,False,0.5,True,Burkina Faso,2020
0.0196427498,0.9803572502,False,0.5,True,Burkina Faso,2021
0.0102053154,0.9897946846,False,0.5,True,Burkina Faso,2022
0.0083069196,0.9916930804,False,0.5,True,Burkina Faso,2023
0.0083153965,0.9916846035,False,0.5,True,Burkina Faso,2024
0.0054582423,0.9945417577,False,0.5,True,Burundi,2020
0.0146988481,0.9853011519,False,0.5,True,Burundi,2021
0.0068081021,0.9931918979,False,0.5,True,Burundi,2022
0.0093721058,0.9906278942,False,0.5,True,Burundi,2023
0.0144798737,0.9855201263,False,0.5,True,Burundi,2024
0.0062215165,0.9937784835,False,0.5,True,Cameroon,2020
0.004938208,0.995061792,False,0.5,True,Cameroon,2021
0.0084908139,0.9915091861,False,0.5,True,Cameroon,2022
0.0100095151,0.9899904849,False,0.5,True,Cameroon,2023
0.0049872245,0.9950127755,False,0.5,True,Cameroon,2024
0.03384123,0.96615877,False,0.5,True,Cape Verde,2020
0.0133816767,0.9866183233,False,0.5,True,Cape Verde,2021
0.0169422105,0.9830577895,False,0.5,True,Cape Verde,2022
0.0151069574,0.9848930426,False,0.5,True,Cape Verde,2023
0.0089630624,0.9910369376,False,0.5,True,Cape Verde,2024
0.0061105136,0.9938894864,False,0.5,True,Central African Republic,2020
0.0102283936,0.9897716064,False,0.5,True,Central African Republic,2021
0.0031927973,0.9968072027,False,0.5,True,Central African Republic,2022
0.0077973627,0.9922026373,False,0.5,True,Central African Republic,2023
0.0021504937,0.9978495063,False,0.5,True,Central African Republic,2024
0.0041755526,0.9958244474,False,0.5,True,Chad,2020
0.0043329997,0.9956670003,False,0.5,True,Chad,2021
0.0063581616,0.9936418384,False,0.5,True,Chad,2022
0.0031194256,0.9968805744,False,0.5,True,Chad,2023
0.0027951542,0.9972048458,False,0.5,True,Chad,2024
0.0127482852,0.9872517148,False,0.5,True,China,2020
0.01036481,0.98963519,False,0.5,True,China,2021
0.0115892524,0.9884107476,False,0.5,True,China,2022
0.0043790294,0.9956209706,False,0.5,True,China,2023
0.0255475752,0.9744524248,False,0.5,True,China,2024
0.0286373571,0.9713626429,False,0.5,True,Colombia,2020
0.0058136499,0.9941863501,False,0.5,True,Colombia,2021
0.0238124616,0.9761875384,False,0.5,True,Colombia,2022
0.1777723581,0.8222276419,False,0.5,True,Colombia,2023
0.0725947395,0.9274052605,False,0.5,True,Colombia,2024
0.0034838447,0.9965161553,False,0.5,True,"Congo, Democratic Republic of the",2020
0.0235189795,0.9764810205,False,0.5,True,"Congo, Democratic Republic of the",2021
0.0183806308,0.9816193692,False,0.5,True,"Congo, Democratic Republic of the",2022
0.0225045048,0.9774954952,False,0.5,True,"Congo, Democratic Republic of the",2023
0.0477706492,0.9522293508,False,0.5,True,"Congo, Democratic Republic of the",2024
0.009161598,0.990838402,False,0.5,True,"Congo, Republic of the",2020
0.0066379397,0.9933620603,False,0.5,True,"Congo, Republic of the",2021
0.0073674405,0.9926325595,False,0.5,True,"Congo, Republic of the",2022
0.0106609622,0.9893390378,False,0.5,True,"Congo, Republic of the",2023
0.003705661,0.996294339,False,0.5,True,"Congo, Republic of the",2024
0.0112813534,0.9887186466,False,0.5,True,Costa Rica,2020
0.0073649124,0.9926350876,False,0.5,True,Costa Rica,2021
0.0233768225,0.9766231775,False,0.5,True,Costa Rica,2022
0.0036747067,0.9963252933,False,0.5,True,Costa Rica,2023
0.0086783608,0.9913216392,False,0.5,True,Costa Rica,2024
0.0065673813,0.9934326187,False,0.5,True,Croatia,2020
0.0036886274,0.9963113726,False,0.5,True,Croatia,2021
0.0122824404,0.9877175596,False,0.5,True,Croatia,2022
0.2668407261,0.7331592739,False,0.5,True,Croatia,2023
0.0210120399,0.9789879601,False,0.5,True,Croatia,2024
0.156981796,0.843018204,False,0.5,True,Cyprus,2020
0.0723057836,0.9276942164,False,0.5,True,Cyprus,2021
0.0748049468,0.9251950532,False,0.5,True,Cyprus,2022
0.0300079156,0.9699920844,False,0.5,True,Cyprus,2023
0.0546304323,0.9453695677,False,0.5,True,Cyprus,2024
0.0181911662,0.9818088338,False,0.5,True,Czech Republic,2020
0.0067688245,0.9932311755,False,0.5,True,Czech Republic,2021
0.0239860676,0.9760139324,False,0.5,True,Czech Republic,2022
0.0823120549,0.9176879451,False,0.5,True,Czech Republic,2023
0.0668769032,0.9331230968,False,0.5,True,Czech Republic,2024
0.0143158473,0.9856841527,False,0.5,True,Denmark,2020
0.009805765,0.990194235,False,0.5,True,Denmark,2021
0.0299261194,0.9700738806,False,0.5,True,Denmark,2022
0.009166413,0.990833587,False,0.5,True,Denmark,2023
0.0356367081,0.9643632919,False,0.5,True,Denmark,2024
0.0216463823,0.9783536177,False,0.5,True,Djibouti,2020
0.0178413671,0.9821586329,False,0.5,True,Djibouti,2021
0.0152567215,0.9847432785,False,0.5,True,Djibouti,2022
0.0084545398,0.9915454602,False,0.5,True,Djibouti,2023
0.0041400702,0.9958599298,False,0.5,True,Djibouti,2024
0.0117567442,0.9882432558,False,0.5,True,Dominican Republic,2020
0.0057141427,0.9942858573,False,0.5,True,Dominican Republic,2021
0.0108689507,0.9891310493,False,0.5,True,Dominican Republic,2022
0.0044676736,0.9955323264,False,0.5,True,Dominican Republic,2023
0.0065659285,0.9934340715,False,0.5,True,Dominican Republic,2024
0.026653925,0.973346075,False,0.5,True,Ecuador,2020
0.0046719895,0.9953280105,False,0.5,True,Ecuador,2021
0.0209446978,0.9790553022,False,0.5,True,Ecuador,2022
0.0389542133,0.9610457867,False,0.5,True,Ecuador,2023
0.0267299041,0.9732700959,False,0.5,True,Ecuador,2024
0.0135923373,0.9864076627,False,0.5,True,El Salvador,2020
0.0051681967,0.9948318033,False,0.5,True,El Salvador,2021
0.0089038741,0.9910961259,False,0.5,True,El Salvador,2022
0.0074552009,0.9925447991,False,0.5,True,El Salvador,2023
0.0105363121,0.9894636879,False,0.5,True,El Salvador,2024
0.0084033804,0.9915966196,False,0.5,True,Estonia,2020
0.0048680641,0.9951319359,False,0.5,True,Estonia,2021
0.008402979,0.991597021,False,0.5,True,Estonia,2022
0.004666762,0.995333238,False,0.5,True,Estonia,2023
0.0065709567,0.9934290433,False,0.5,True,Estonia,2024
0.0098009463,0.9901990537,False,0.5,True,Finland,2020
0.0099496599,0.9900503401,False,0.5,True,Finland,2021
0.0124782538,0.9875217462,False,0.5,True,Finland,2022
0.0087713366,0.9912286634,False,0.5,True,Finland,2023
0.0113875875,0.9886124125,False,0.5,True,Finland,2024
0.0252994727,0.9747005273,False,0.5,True,France,2020
0.0066848164,0.9933151836,False,0.5,True,France,2021
0.0207449999,0.9792550001,False,0.5,True,France,2022
0.0569320247,0.9430679753,False,0.5,True,France,2023
0.0348129533,0.9651870467,False,0.5,True,France,2024
0.1457798183,0.8542201817,False,0.5,True,Georgia,2020
0.0717092305,0.9282907695,False,0.5,True,Georgia,2021
0.05760758,0.94239242,False,0.5,True,Georgia,2022
0.0095096147,0.9904903853,False,0.5,True,Georgia,2023
0.0182122886,0.9817877114,False,0.5,True,Georgia,2024
0.0234456304,0.9765543696,False,0.5,True,Germany,2020
0.0132534057,0.9867465943,False,0.5,True,Germany,2021
0.1025603414,0.8974396586,False,0.5,True,Germany,2022
0.0415946506,0.9584053494,False,0.5,True,Germany,2023
0.0343305729,0.9656694271,False,0.5,True,Germany,2024
0.0608296879,0.9391703121,False,0.5,True,Greece,2020
0.0226316471,0.9773683529,False,0.5,True,Greece,2021
0.0481708907,0.9518291093,False,0.5,True,Greece,2022
0.0569912195,0.9430087805,False,0.5,True,Greece,2023
0.0158704855,0.9841295145,False,0.5,True,Greece,2024
0.0392543785,0.9607456215,False,0.5,True,Guinea,2020
0.0845533758,0.9154466242,False,0.5,True,Guinea,2021
0.0103841098,0.9896158902,False,0.5,True,Guinea,2022
0.0108119296,0.9891880704,False,0.5,True,Guinea,2023
0.0088328989,0.9911671011,False,0.5,True,Guinea,2024
0.5560081005,0.4439918995,True,0.5,True,Guinea-Bissau,2020
0.7614685893,0.2385314107,True,0.5,True,Guinea-Bissau,2021
0.156015873,0.843984127,False,0.5,True,Guinea-Bissau,2022
0.526109159,0.473890841,True,0.5,True,Guinea-Bissau,2023
0.1507132947,0.8492867053,False,0.5,True,Guinea-Bissau,2024
0.0188220106,0.9811779894,False,0.5,True,Guyana,2020
0.0258900728,0.9741099272,False,0.5,True,Guyana,2021
0.0344745852,0.9655254148,False,0.5,True,Guyana,2022
0.0443901271,0.9556098729,False,0.5,True,Guyana,2023
0.021082582,0.978917418,False,0.5,True,Guyana,2024
0.0125605017,0.9874394983,False,0.5,True,Haiti,2020
0.0036826583,0.9963173417,False,0.5,True,Haiti,2021
0.0058451849,0.9941548151,False,0.5,True,Haiti,2022
0.0069050384,0.9930949616,False,0.5,True,Haiti,2023
0.0027640895,0.9972359105,False,0.5,True,Haiti,2024
0.0989419296,0.9010580704,False,0.5,True,Hungary,2020
0.0551679991,0.9448320009,False,0.5,True,Hungary,2021
0.1129603758,0.8870396242,False,0.5,True,Hungary,2022
0.1794148833,0.8205851167,False,0.5,True,Hungary,2023
0.1676130891,0.8323869109,False,0.5,True,Hungary,2024
0.0495633893,0.9504366107,False,0.5,True,Iceland,2020
0.0653672442,0.9346327558,False,0.5,True,Iceland,2021
0.1301458925,0.8698541075,False,0.5,True,Iceland,2022
0.0424024537,0.9575975463,False,0.5,True,Iceland,2023
0.0477467552,0.9522532448,False,0.5,True,Iceland,2024
0.0143978903,0.9856021097,False,0.5,True,India,2020
0.0039529055,0.9960470945,False,0.5,True,India,2021
0.0084992228,0.9915007772,False,0.5,True,India,2022
0.0268802922,0.9731197078,False,0.5,True,India,2023
0.0216720402,0.9783279598,False,0.5,True,India,2024
0.0135987066,0.9864012934,False,0.5,True,Indonesia,2020
0.0037929078,0.9962070922,False,0.5,True,Indonesia,2021
0.0133657074,0.9866342926,False,0.5,True,Indonesia,2022
0.0231144335,0.9768855665,False,0.5,True,Indonesia,2023
0.0261468403,0.9738531597,False,0.5,True,Indonesia,2024
0.0199727006,0.9800272994,False,0.5,True,Ireland,2020
0.0178896245,0.9821103755,False,0.5,True,Ireland,2021
0.01911024,0.98088976,False,0.5,True,Ireland,2022
0.0600270852,0.9399729148,False,0.5,True,Ireland,2023
0.0933734775,0.9066265225,False,0.5,True,Ireland,2024
0.0105782757,0.9894217243,False,0.5,True,Italy,2020
0.0021296539,0.9978703461,False,0.5,True,Italy,2021
0.0062229792,0.9937770208,False,0.5,True,Italy,2022
0.0136714699,0.9863285301,False,0.5,True,Italy,2023
0.0092381258,0.9907618742,False,0.5,True,Italy,2024
0.0244018491,0.9755981509,False,0.5,True,Ivory Coast,2020
0.030506799,0.969493201,False,0.5,True,Ivory Coast,2021
0.049166467,0.950833533,False,0.5,True,Ivory Coast,2022
0.0516934097,0.9483065903,False,0.5,True,Ivory Coast,2023
0.011531705,0.988468295,False,0.5,True,Ivory Coast,2024
0.012912564,0.987087436,False,0.5,True,Jamaica,2020
0.0134230135,0.9865769865,False,0.5,True,Jamaica,2021
0.0107835559,0.9892164441,False,0.5,True,Jamaica,2022
0.0303573646,0.9696426354,False,0.5,True,Jamaica,2023
0.0095769232,0.9904230768,False,0.5,True,Jamaica,2024
0.0168413129,0.9831586871,False,0.5,True,Japan,2020
0.0157006718,0.9842993282,False,0.5,True,Japan,2021
0.0369325988,0.9630674012,False,0.5,True,Japan,2022
0.0477146134,0.9522853866,False,0.5,True,Japan,2023
0.1301330179,0.8698669821,False,0.5,True,Japan,2024
0.0075688343,0.9924311657,False,0.5,True,Jordan,2020
0.0037905176,0.9962094824,False,0.5,True,Jordan,2021
0.0049438342,0.9950561658,False,0.5,True,Jordan,2022
0.0139359152,0.9860640848,False,0.5,True,Jordan,2023
0.0027933046,0.9972066954,False,0.5,True,Jordan,2024
0.0122738183,0.9877261817,False,0.5,True,Kazakhstan,2020
0.0064329649,0.9935670351,False,0.5,True,Kazakhstan,2021
0.0368625857,0.9631374143,False,0.5,True,Kazakhstan,2022
0.0163916033,0.9836083967,False,0.5,True,Kazakhstan,2023
0.0097303875,0.9902696125,False,0.5,True,Kazakhstan,2024
0.0184456389,0.9815543611,False,0.5,True,Kenya,2020
0.0055606966,0.9944393034,False,0.5,True,Kenya,2021
0.0188665651,0.9811334349,False,0.5,True,Kenya,2022
0.0495821014,0.9504178986,False,0.5,True,Kenya,2023
0.0313540772,0.9686459228,False,0.5,True,Kenya,2024
0.0091773598,0.9908226402,False,0.5,True,Korea,2020
0.0085576018,0.9914423982,False,0.5,True,Korea,2021
0.0273161065,0.9726838935,False,0.5,True,Korea,2022
0.0276222713,0.9723777287,False,0.5,True,Korea,2023
0.023558449,0.976441551,False,0.5,True,Korea,2024
0.0669656694,0.9330343306,False,0.5,True,Kyrgyzstan,2020
0.0202177297,0.9797822703,False,0.5,True,Kyrgyzstan,2021
0.0160746202,0.9839253798,False,0.5,True,Kyrgyzstan,2022
0.0485627949,0.9514372051,False,0.5,True,Kyrgyzstan,2023
0.0074122702,0.9925877298,False,0.5,True,Kyrgyzstan,2024
0.0160621218,0.9839378782,False,0.5,True,Latvia,2020
0.0119599039,0.9880400961,False,0.5,True,Latvia,2021
0.0922356397,0.9077643603,False,0.5,True,Latvia,2022
0.061999768,0.938000232,False,0.5,True,Latvia,2023
0.0261728112,0.9738271888,False,0.5,True,Latvia,2024
0.7443627715,0.2556372285,True,0.5,True,Lebanon,2020
0.4155074358,0.5844925642,False,0.5,True,Lebanon,2021
0.4749689698,0.5250310302,False,0.5,True,Lebanon,2022
0.7368945479,0.2631054521,True,0.5,True,Lebanon,2023
0.0058550625,0.9941449375,False,0.5,True,Liberia,2020
0.0038248925,0.9961751075,False,0.5,True,Liberia,2021
0.0049594068,0.9950405932,False,0.5,True,Liberia,2022
0.0317519084,0.9682480916,False,0.5,True,Liberia,2023
0.0153919552,0.9846080448,False,0.5,True,Liberia,2024
0.0079506701,0.9920493299,False,0.5,True,Lithuania,2020
0.0088185659,0.9911814341,False,0.5,True,Lithuania,2021
0.0223553944,0.9776446056,False,0.5,True,Lithuania,2022
0.0069525009,0.9930474991,False,0.5,True,Lithuania,2023
0.0073569124,0.9926430876,False,0.5,True,Lithuania,2024
0.154467538,0.845532462,False,0.5,True,Luxembourg,2020
0.1357220858,0.8642779142,False,0.5,True,Luxembourg,2021
0.4340896606,0.5659103394,False,0.5,True,Luxembourg,2022
0.3929033279,0.6070966721,False,0.5,True,Luxembourg,2023
0.3864185214,0.6135814786,False,0.5,True,Luxembourg,2024
0.0207629558,0.9792370442,False,0.5,True,Macedonia,2020
0.0072727134,0.9927272866,False,0.5,True,Macedonia,2021
0.0239336584,0.9760663416,False,0.5,True,Macedonia,2022
0.046912998,0.953087002,False,0.5,True,Macedonia,2023
0.0208085272,0.9791914728,False,0.5,True,Macedonia,2024
0.0198826957,0.9801173043,False,0.5,True,Malaysia,2020
0.0101034604,0.9898965396,False,0.5,True,Malaysia,2021
0.0089848461,0.9910151539,False,0.5,True,Malaysia,2022
0.0147946775,0.9852053225,False,0.5,True,Malaysia,2023
0.033190947,0.966809053,False,0.5,True,Malaysia,2024
0.0032504436,0.9967495564,False,0.5,True,Mali,2020
0.0041957577,0.9958042423,False,0.5,True,Mali,2021
0.0078819552,0.9921180448,False,0.5,True,Mali,2022
0.0108081512,0.9891918488,False,0.5,True,Mali,2023
0.0084988261,0.9915011739,False,0.5,True,Mali,2024
0.0508417562,0.9491582438,False,0.5,True,Mexico,2020
0.0164920818,0.9835079182,False,0.5,True,Mexico,2021
0.0143294437,0.9856705563,False,0.5,True,Mexico,2022
0.0049338401,0.9950661599,False,0.5,True,Mexico,2023
0.0152004361,0.9847995639,False,0.5,True,Mexico,2024
0.512300849,0.487699151,True,0.5,True,Moldova,2020
0.3506890535,0.6493109465,False,0.5,True,Moldova,2021
0.1675501317,0.8324498683,False,0.5,True,Moldova,2022
0.105568178,0.894431822,False,0.5,True,Moldova,2023
0.0770028681,0.9229971319,False,0.5,True,Moldova,2024
0.238966018,0.761033982,False,0.5,True,Mongolia,2020
0.0538623556,0.9461376444,False,0.5,True,Mongolia,2021
0.0987799317,0.9012200683,False,0.5,True,Mongolia,2022
0.0368429646,0.9631570354,False,0.5,True,Mongolia,2023
0.0131947659,0.9868052341,False,0.5,True,Mongolia,2024
0.0043079779,0.9956920221,False,0.5,True,Mozambique,2020
0.0015021468,0.9984978532,False,0.5,True,Mozambique,2021
0.0029568525,0.9970431475,False,0.5,True,Mozambique,2022
0.006452112,0.993547888,False,0.5,True,Mozambique,2023
0.0036104256,0.9963895744,False,0.5,True,Mozambique,2024
0.029797677,0.970202323,False,0.5,True,Myanmar,2020
0.6094580889,0.3905419111,True,0.5,True,Myanmar,2021
0.1350924224,0.8649075776,False,0.5,True,Myanmar,2022
0.0136869736,0.9863130264,False,0.5,True,Myanmar,2023
0.0245431848,0.9754568152,False,0.5,True,Myanmar,2024
0.0240187217,0.9759812783,False,0.5,True,Netherlands,2020
0.0187700819,0.9812299181,False,0.5,True,Netherlands,2021
0.0360090025,0.9639909975,False,0.5,True,Netherlands,2022
0.0122123426,0.9877876574,False,0.5,True,Netherlands,2023
0.0336203277,0.9663796723,False,0.5,True,Netherlands,2024
0.0241918396,0.9758081604,False,0.5,True,Nicaragua,2020
0.0076386668,0.9923613332,False,0.5,True,Nicaragua,2021
0.0148938149,0.9851061851,False,0.5,True,Nicaragua,2022
0.0227388442,0.9772611558,False,0.5,True,Nicaragua,2023
0.0124644777,0.9875355223,False,0.5,True,Nicaragua,2024
0.0441035256,0.9558964744,False,0.5,True,Nigeria,2020
0.0447541624,0.9552458376,False,0.5,True,Nigeria,2021
0.0641523972,0.9358476028,False,0.5,True,Nigeria,2022
0.1111748293,0.8888251707,False,0.5,True,Nigeria,2023
0.060086675,0.939913325,False,0.5,True,Nigeria,2024
0.0118571259,0.9881428741,False,0.5,True,Norway,2020
0.0252947006,0.9747052994,False,0.5,True,Norway,2021
0.0213245023,0.9786754977,False,0.5,True,Norway,2022
0.0058390335,0.9941609665,False,0.5,True,Norway,2023
0.0239095874,0.9760904126,False,0.5,True,Norway,2024
0.0231462196,0.9768537804,False,0.5,True,Paraguay,2020
0.009569874,0.990430126,False,0.5,True,Paraguay,2021
0.0138432318,0.9861567682,False,0.5,True,Paraguay,2022
0.0088419793,0.9911580207,False,0.5,True,Paraguay,2023
0.0293345992,0.9706654008,False,0.5,True,Paraguay,2024
0.0176042169,0.9823957831,False,0.5,True,Peru,2020
0.0091213742,0.9908786258,False,0.5,True,Peru,2021
0.0087629529,0.9912370471,False,0.5,True,Peru,2022
0.0120860981,0.9879139019,False,0.5,True,Peru,2023
0.0144605273,0.9855394727,False,0.5,True,Peru,2024
0.0185160004,0.9814839996,False,0.5,True,Philippines,2020
0.0118843475,0.9881156525,False,0.5,True,Philippines,2021
0.0166710746,0.9833289254,False,0.5,True,Philippines,2022
0.0223647971,0.9776352029,False,0.5,True,Philippines,2023
0.0185137838,0.9814862162,False,0.5,True,Philippines,2024
0.0557463989,0.9442536011,False,0.5,True,Poland,2020
0.0257263556,0.9742736444,False,0.5,True,Poland,2021
0.0515530184,0.9484469816,False,0.5,True,Poland,2022
0.0958874151,0.9041125849,False,0.5,True,Poland,2023
0.0170226432,0.9829773568,False,0.5,True,Poland,2024
0.2910315096,0.7089684904,False,0.5,True,Portugal,2020
0.0380373336,0.9619626664,False,0.5,True,Portugal,2021
0.0506600887,0.9493399113,False,0.5,True,Portugal,2022
0.0097819092,0.9902180908,False,0.5,True,Portugal,2023
0.0114287371,0.9885712629,False,0.5,True,Portugal,2024
0.0114853028,0.9885146972,False,0.5,True,Romania,2020
0.0035911941,0.9964088059,False,0.5,True,Romania,2021
0.0108343707,0.9891656293,False,0.5,True,Romania,2022
0.0106287859,0.9893712141,False,0.5,True,Romania,2023
0.0046338993,0.9953661007,False,0.5,True,Romania,2024
0.0052153985,0.9947846015,False,0.5,True,Russia,2020
0.0046607251,0.9953392749,False,0.5,True,Russia,2021
0.0345178321,0.9654821679,False,0.5,True,Russia,2022
0.0034575071,0.9965424929,False,0.5,True,Russia,2023
0.0036767616,0.9963232384,False,0.5,True,Russia,2024
0.0132454392,0.9867545608,False,0.5,True,Sao Tome and Principe,2020
0.0102233747,0.9897766253,False,0.5,True,Sao Tome and Principe,2021
0.0053347195,0.9946652805,False,0.5,True,Sao Tome and Principe,2022
0.0060241986,0.9939758014,False,0.5,True,Sao Tome and Principe,2023
0.0013701186,0.9986298814,False,0.5,True,Sao Tome and Principe,2024
0.013227676,0.986772324,False,0.5,True,Senegal,2020
0.0187261086,0.9812738914,False,0.5,True,Senegal,2021
0.0065850103,0.9934149897,False,0.5,True,Senegal,2022
0.0198202021,0.9801797979,False,0.5,True,Senegal,2023
0.0080817454,0.9919182546,False,0.5,True,Senegal,2024
0.0316324234,0.9683675766,False,0.5,True,Sierra Leone,2020
0.0100302147,0.9899697853,False,0.5,True,Sierra Leone,2021
0.0089562209,0.9910437791,False,0.5,True,Sierra Leone,2022
0.0110449744,0.9889550256,False,0.5,True,Sierra Leone,2023
0.0052765817,0.9947234183,False,0.5,True,Sierra Leone,2024
0.0380428396,0.9619571604,False,0.5,True,Slovak Republic,2020
0.0027409904,0.9972590096,False,0.5,True,Slovak Republic,2021
0.1326012313,0.8673987687,False,0.5,True,Slovak Republic,2022
0.5353915691,0.4646084309,True,0.5,True,Slovak Republic,2023
0.0998577401,0.9001422599,False,0.5,True,Slovak Republic,2024
0.0229404792,0.9770595208,False,0.5,True,Slovenia,2020
0.0196679085,0.9803320915,False,0.5,True,Slovenia,2021
0.1761139035,0.8238860965,False,0.5,True,Slovenia,2022
0.0334284827,0.9665715173,False,0.5,True,Slovenia,2023
0.0189466868,0.9810533132,False,0.5,True,Slovenia,2024
0.1052577645,0.8947422355,False,0.5,True,Spain,2020
0.031027697,0.968972303,False,0.5,True,Spain,2021
0.0705804601,0.9294195399,False,0.5,True,Spain,2022
0.0455576107,0.9544423893,False,0.5,True,Spain,2023
0.0177429803,0.9822570197,False,0.5,True,Spain,2024
0.0320513658,0.9679486342,False,0.5,True,Sri Lanka,2020
0.0052882424,0.9947117576,False,0.5,True,Sri Lanka,2021
0.5168330669,0.4831669331,True,0.5,True,Sri Lanka,2022
0.7091537118,0.2908462882,True,0.5,True,Sri Lanka,2023
0.3498158455,0.6501841545,False,0.5,True,Sri Lanka,2024
0.0515554883,0.9484445117,False,0.5,True,Swaziland,2020
0.0116750263,0.9883249737,False,0.5,True,Swaziland,2021
0.0156434942,0.9843565058,False,0.5,True,Swaziland,2022
0.0393159799,0.9606840201,False,0.5,True,Swaziland,2023
0.048503533,0.951496467,False,0.5,True,Swaziland,2024
0.0092756785,0.9907243215,False,0.5,True,Sweden,2020
0.0062630787,0.9937369213,False,0.5,True,Sweden,2021
0.0462026671,0.9537973329,False,0.5,True,Sweden,2022
0.1805122942,0.8194877058,False,0.5,True,Sweden,2023
0.0460830145,0.9539169855,False,0.5,True,Sweden,2024
0.0482328311,0.9517671689,False,0.5,True,Switzerland,2020
0.0145694502,0.9854305498,False,0.5,True,Switzerland,2021
0.049955897,0.950044103,False,0.5,True,Switzerland,2022
0.0407474935,0.9592525065,False,0.5,True,Switzerland,2023
0.0240032002,0.9759967998,False,0.5,True,Switzerland,2024
0.0229565036,0.9770434964,False,0.5,True,Thailand,2020
0.0318683907,0.9681316093,False,0.5,True,Thailand,2021
0.0356905125,0.9643094875,False,0.5,True,Thailand,2022
0.0110079376,0.9889920624,False,0.5,True,Thailand,2023
0.0240838844,0.9759161156,False,0.5,True,Thailand,2024
0.0145739196,0.9854260804,False,0.5,True,Togo,2020
0.0392490141,0.9607509859,False,0.5,True,Togo,2021
0.0207186863,0.9792813137,False,0.5,True,Togo,2022
0.0112872757,0.9887127243,False,0.5,True,Togo,2023
0.0084665408,0.9915334592,False,0.5,True,Togo,2024
0.0449184179,0.9550815821,False,0.5,True,Tunisia,2020
0.0082595786,0.9917404214,False,0.5,True,Tunisia,2021
0.0097523658,0.9902476342,False,0.5,True,Tunisia,2022
0.0631037354,0.9368962646,False,0.5,True,Tunisia,2023
0.0129233506,0.9870766494,False,0.5,True,Tunisia,2024
0.0200841445,0.9799158555,False,0.5,True,Turkey,2020
0.0252976753,0.9747023247,False,0.5,True,Turkey,2021
0.0856962949,0.9143037051,False,0.5,True,Turkey,2022
0.0393033028,0.9606966972,False,0.5,True,Turkey,2023
0.0100587588,0.9899412412,False,0.5,True,Turkey,2024
0.021110829,0.978889171,False,0.5,True,Uganda,2020
0.014403129,0.985596871,False,0.5,True,Uganda,2021
0.0148642212,0.9851357788,False,0.5,True,Uganda,2022
0.0126804085,0.9873195915,False,0.5,True,Uganda,2023
0.0075471513,0.9924528487,False,0.5,True,Uganda,2024
0.4330608547,0.5669391453,False,0.5,True,Ukraine,2020
0.1132063866,0.8867936134,False,0.5,True,Ukraine,2021
0.7523699403,0.2476300597,True,0.5,True,Ukraine,2022
0.3791834414,0.6208165586,False,0.5,True,Ukraine,2023
0.0085855266,0.9914144734,False,0.5,True,Ukraine,2024
0.2342717201,0.7657282799,False,0.5,True,United Kingdom,2020
0.0557006188,0.9442993812,False,0.5,True,United Kingdom,2021
0.1689424217,0.8310575783,False,0.5,True,United Kingdom,2022
0.2194979638,0.7805020362,False,0.5,True,United Kingdom,2023
0.235001415,0.764998585,False,0.5,True,United Kingdom,2024
0.1876995116,0.8123004884,False,0.5,True,United States,2020
0.1815185696,0.8184814304,False,0.5,True,United States,2021
0.373169452,0.626830548,False,0.5,True,United States,2022
0.059124019,0.940875981,False,0.5,True,United States,2023
0.0260375235,0.9739624765,False,0.5,True,United States,2024
0.0181582384,0.9818417616,False,0.5,True,Uruguay,2020
0.0327746682,0.9672253318,False,0.5,True,Uruguay,2021
0.0422560163,0.9577439837,False,0.5,True,Uruguay,2022
0.0158874951,0.9841125049,False,0.5,True,Uruguay,2023
0.0179847963,0.9820152037,False,0.5,True,Uruguay,2024
0.0231076796,0.9768923204,False,0.5,True,Venezuela,2020
0.019860547,0.980139453,False,0.5,True,Venezuela,2021
0.007797156,0.992202844,False,0.5,True,Venezuela,2022
0.012313921,0.987686079,False,0.5,True,Venezuela,2023
0.0063098003,0.9936901997,False,0.5,True,Venezuela,2024
0.0101282317,0.9898717683,False,0.5,True,Vietnam,2020
0.0180053469,0.9819946531,False,0.5,True,Vietnam,2021
0.006598678,0.993401322,False,0.5,True,Vietnam,2022
0.0199260842,0.9800739158,False,0.5,True,Vietnam,2023
0.0401769616,0.9598230384,False,0.5,True,Vietnam,2024
0.0016561648,0.9983438352,False,0.5,True,Yemen,2020
0.0022038177,0.9977961823,False,0.5,True,Yemen,2021
0.0022251024,0.9977748976,False,0.5,True,Yemen,2022
0.0048327986,0.9951672014,False,0.5,True,Yemen,2023
0.0011752917,0.9988247083,False,0.5,True,Yemen,2024
0.1065695137,0.8934304863,False,0.5,True,Zambia,2020
0.0679280013,0.9320719987,False,0.5,True,Zambia,2021
0.0098130601,0.9901869399,False,0.5,True,Zambia,2022
0.0143728424,0.9856271576,False,0.5,True,Zambia,2023
0.004205334,0.995794666,False,0.5,True,Zambia,2024
0.0766237974,0.9233762026,False,0.5,True,Zimbabwe,2020
0.0110762333,0.9889237667,False,0.5,True,Zimbabwe,2021
0.006923229,0.993076771,False,0.5,True,Zimbabwe,2022
0.0706140846,0.9293859154,False,0.5,True,Zimbabwe,2023
0.0136633944,0.9863366056,False,0.5,True,Zimbabwe,2024
